LADCD,LADNM,LADCD_ACTIVE,LADNM_ACTIVE,UTLACD,UTLANM,LIEUTENANCY_AREA_1997,LIEUTENANCY_AREA_1997_WIKIDATA
E06000001,Hartlepool,E06000001,Hartlepool,E06000001,Hartlepool,County Durham,Q23082
E06000002,Middlesbrough,E06000002,Middlesbrough,E06000002,Middlesbrough,North Yorkshire,Q23086
E06000003,Redcar and Cleveland,E06000003,Redcar and Cleveland,E06000003,Redcar and Cleveland,North Yorkshire,Q23086
E06000004,Stockton-on-Tees,E06000004,Stockton-on-Tees,E06000004,Stockton-on-Tees,County Durham,Q23082
E06000005,Darlington,E06000005,Darlington,E06000005,Darlington,County Durham,Q23082
E06000006,Halton,E06000006,Halton,E06000006,Halton,Cheshire,Q23064
E06000007,Warrington,E06000007,Warrington,E06000007,Warrington,Cheshire,Q23064
E06000008,Blackburn with Darwen,E06000008,Blackburn with Darwen,E06000008,Blackburn with Darwen,Lancashire,Q23077
E06000009,Blackpool,E06000009,Blackpool,E06000009,Blackpool,Lancashire,Q23077
E06000010,"Kingston upon Hull, City of",E06000010,"Kingston upon Hull, City of",E06000010,"Kingston upon Hull, City of",East Riding of Yorkshire,Q23088
E06000011,East Riding of Yorkshire,E06000011,East Riding of Yorkshire,E06000011,East Riding of Yorkshire,East Riding of Yorkshire,Q23088
E06000012,North East Lincolnshire,E06000012,North East Lincolnshire,E06000012,North East Lincolnshire,Lincolnshire,Q23090
E06000013,North Lincolnshire,E06000013,North Lincolnshire,E06000013,North Lincolnshire,Lincolnshire,Q23090
E06000014,York,E06000014,York,E06000014,York,North Yorkshire,Q23086
E06000015,Derby,E06000015,Derby,E06000015,Derby,Derbyshire,Q23098
E06000016,Leicester,E06000016,Leicester,E06000016,Leicester,Leicestershire,Q23106
E06000017,Rutland,E06000017,Rutland,E06000017,Rutland,Rutland,Q23107
E06000018,Nottingham,E06000018,Nottingham,E06000018,Nottingham,Nottinghamshire,Q23092
E06000019,"Herefordshire, County of",E06000019,"Herefordshire, County of",E06000019,"Herefordshire, County of",Herefordshire,Q23129
E06000020,Telford and Wrekin,E06000020,Telford and Wrekin,E06000020,Telford and Wrekin,Shropshire,Q23103
E06000021,Stoke-on-Trent,E06000021,Stoke-on-Trent,E06000021,Stoke-on-Trent,Staffordshire,Q23105
E06000022,Bath and North East Somerset,E06000022,Bath and North East Somerset,E06000022,Bath and North East Somerset,Somerset,Q23157
E06000023,"Bristol, City of",E06000023,"Bristol, City of",E06000023,"Bristol, City of",Bristol,Q929902
E06000024,North Somerset,E06000024,North Somerset,E06000024,North Somerset,Somerset,Q23157
E06000025,South Gloucestershire,E06000025,South Gloucestershire,E06000025,South Gloucestershire,Gloucestershire,Q23165
E06000026,Plymouth,E06000026,Plymouth,E06000026,Plymouth,Devon,Q23156
E06000027,Torbay,E06000027,Torbay,E06000027,Torbay,Devon,Q23156
E06000028,Bournemouth,E06000058,"Bournemouth, Christchurch and Poole",E06000058,"Bournemouth, Christchurch and Poole",Dorset,Q23159
E06000029,Poole,E06000058,"Bournemouth, Christchurch and Poole",E06000058,"Bournemouth, Christchurch and Poole",Dorset,Q23159
E06000030,Swindon,E06000030,Swindon,E06000030,Swindon,Wiltshire,Q23183
E06000031,Peterborough,E06000031,Peterborough,E06000031,Peterborough,Cambridgeshire,Q23112
E06000032,Luton,E06000032,Luton,E06000032,Luton,Bedfordshire,Q23143
E06000033,Southend-on-Sea,E06000033,Southend-on-Sea,E06000033,Southend-on-Sea,Essex,Q23240
E06000034,Thurrock,E06000034,Thurrock,E06000034,Thurrock,Essex,Q23240
E06000035,Medway,E06000035,Medway,E06000035,Medway,Kent,Q23298
E06000036,Bracknell Forest,E06000036,Bracknell Forest,E06000036,Bracknell Forest,Berkshire,Q23220
E06000037,West Berkshire,E06000037,West Berkshire,E06000037,West Berkshire,Berkshire,Q23220
E06000038,Reading,E06000038,Reading,E06000038,Reading,Berkshire,Q23220
E06000039,Slough,E06000039,Slough,E06000039,Slough,Berkshire,Q23220
E06000040,Windsor and Maidenhead,E06000040,Windsor and Maidenhead,E06000040,Windsor and Maidenhead,Berkshire,Q23220
E06000041,Wokingham,E06000041,Wokingham,E06000041,Wokingham,Berkshire,Q23220
E06000042,Milton Keynes,E06000042,Milton Keynes,E06000042,Milton Keynes,Buckinghamshire,Q23229
E06000043,Brighton and Hove,E06000043,Brighton and Hove,E06000043,Brighton and Hove,East Sussex,Q23293
E06000044,Portsmouth,E06000044,Portsmouth,E06000044,Portsmouth,Hampshire,Q23204
E06000045,Southampton,E06000045,Southampton,E06000045,Southampton,Hampshire,Q23204
E06000046,Isle of Wight,E06000046,Isle of Wight,E06000046,Isle of Wight,Isle of Wight,Q9679
E06000047,County Durham,E06000047,County Durham,E06000047,County Durham,County Durham,Q23082
E06000048,Northumberland,E06000057,Northumberland,E06000057,Northumberland,Northumberland,Q23079
E06000049,Cheshire East,E06000049,Cheshire East,E06000049,Cheshire East,Cheshire,Q23064
E06000050,Cheshire West and Chester,E06000050,Cheshire West and Chester,E06000050,Cheshire West and Chester,Cheshire,Q23064
E06000051,Shropshire,E06000051,Shropshire,E06000051,Shropshire,Shropshire,Q23103
E06000052,Cornwall,E06000052,Cornwall,E06000052,Cornwall,Cornwall,Q67393189
E06000053,Isles of Scilly,E06000053,Isles of Scilly,E06000053,Isles of Scilly,Cornwall,Q67393189
E06000054,Wiltshire,E06000054,Wiltshire,E06000054,Wiltshire,Wiltshire,Q23183
E06000055,Bedford,E06000055,Bedford,E06000055,Bedford,Bedfordshire,Q23143
E06000056,Central Bedfordshire,E06000056,Central Bedfordshire,E06000056,Central Bedfordshire,Bedfordshire,Q23143
E06000057,Northumberland,E06000057,Northumberland,E06000057,Northumberland,Northumberland,Q23079
E06000058,"Bournemouth, Christchurch and Poole",E06000058,"Bournemouth, Christchurch and Poole",E06000058,"Bournemouth, Christchurch and Poole",Dorset,Q23159
E06000059,Dorset,E06000059,Dorset,E06000059,Dorset,Dorset,Q23159
E06000060,Buckinghamshire,E06000060,Buckinghamshire,E06000060,Buckinghamshire,Buckinghamshire,Q23229
E06000061,North Northamptonshire,E06000061,North Northamptonshire,E06000061,North Northamptonshire,Northamptonshire,Q23115
E06000062,West Northamptonshire,E06000062,West Northamptonshire,E06000062,West Northamptonshire,Northamptonshire,Q23115
E07000004,Aylesbury Vale,E06000060,Buckinghamshire,E06000060,Buckinghamshire,Buckinghamshire,Q23229
E07000005,Chiltern,E06000060,Buckinghamshire,E06000060,Buckinghamshire,Buckinghamshire,Q23229
E07000006,South Bucks,E06000060,Buckinghamshire,E06000060,Buckinghamshire,Buckinghamshire,Q23229
E07000007,Wycombe,E06000060,Buckinghamshire,E06000060,Buckinghamshire,Buckinghamshire,Q23229
E07000008,Cambridge,E07000008,Cambridge,E10000003,Cambridgeshire,Cambridgeshire,Q23112
E07000009,East Cambridgeshire,E07000009,East Cambridgeshire,E10000003,Cambridgeshire,Cambridgeshire,Q23112
E07000010,Fenland,E07000010,Fenland,E10000003,Cambridgeshire,Cambridgeshire,Q23112
E07000011,Huntingdonshire,E07000011,Huntingdonshire,E10000003,Cambridgeshire,Cambridgeshire,Q23112
E07000012,South Cambridgeshire,E07000012,South Cambridgeshire,E10000003,Cambridgeshire,Cambridgeshire,Q23112
E06000063,Cumberland,E06000063,Cumberland,E06000063,Cumberland,Cumbria,Q23066
E06000064,Westmorland and Furness,E06000064,Westmorland and Furness,E06000064,Westmorland and Furness,Cumbria,Q23066
E07000026,Allerdale,E06000063,Cumberland,E06000063,Cumberland,Cumbria,Q23066
E07000027,Barrow-in-Furness,E06000064,Westmorland and Furness,E06000064,Westmorland and Furness,Cumbria,Q23066
E07000028,Carlisle,E06000063,Cumberland,E06000063,Cumberland,Cumbria,Q23066
E07000029,Copeland,E06000063,Cumberland,E06000063,Cumberland,Cumbria,Q23066
E07000030,Eden,E06000064,Westmorland and Furness,E06000064,Westmorland and Furness,Cumbria,Q23066
E07000031,South Lakeland,E06000064,Westmorland and Furness,E06000064,Westmorland and Furness,Cumbria,Q23066
E07000032,Amber Valley,E07000032,Amber Valley,E10000007,Derbyshire,Derbyshire,Q23098
E07000033,Bolsover,E07000033,Bolsover,E10000007,Derbyshire,Derbyshire,Q23098
E07000034,Chesterfield,E07000034,Chesterfield,E10000007,Derbyshire,Derbyshire,Q23098
E07000035,Derbyshire Dales,E07000035,Derbyshire Dales,E10000007,Derbyshire,Derbyshire,Q23098
E07000036,Erewash,E07000036,Erewash,E10000007,Derbyshire,Derbyshire,Q23098
E07000037,High Peak,E07000037,High Peak,E10000007,Derbyshire,Derbyshire,Q23098
E07000038,North East Derbyshire,E07000038,North East Derbyshire,E10000007,Derbyshire,Derbyshire,Q23098
E07000039,South Derbyshire,E07000039,South Derbyshire,E10000007,Derbyshire,Derbyshire,Q23098
E07000040,East Devon,E07000040,East Devon,E10000008,Devon,Devon,Q23156
E07000041,Exeter,E07000041,Exeter,E10000008,Devon,Devon,Q23156
E07000042,Mid Devon,E07000042,Mid Devon,E10000008,Devon,Devon,Q23156
E07000043,North Devon,E07000043,North Devon,E10000008,Devon,Devon,Q23156
E07000044,South Hams,E07000044,South Hams,E10000008,Devon,Devon,Q23156
E07000045,Teignbridge,E07000045,Teignbridge,E10000008,Devon,Devon,Q23156
E07000046,Torridge,E07000046,Torridge,E10000008,Devon,Devon,Q23156
E07000047,West Devon,E07000047,West Devon,E10000008,Devon,Devon,Q23156
E07000048,Christchurch,E06000058,"Bournemouth, Christchurch and Poole",E06000058,"Bournemouth, Christchurch and Poole",Dorset,Q23159
E07000049,East Dorset,E06000059,Dorset,E06000059,Dorset,Dorset,Q23159
E07000050,North Dorset,E06000059,Dorset,E06000059,Dorset,Dorset,Q23159
E07000051,Purbeck,E06000059,Dorset,E06000059,Dorset,Dorset,Q23159
E07000052,West Dorset,E06000059,Dorset,E06000059,Dorset,Dorset,Q23159
E07000053,Weymouth and Portland,E06000059,Dorset,E06000059,Dorset,Dorset,Q23159
E07000061,Eastbourne,E07000061,Eastbourne,E10000011,East Sussex,East Sussex,Q23293
E07000062,Hastings,E07000062,Hastings,E10000011,East Sussex,East Sussex,Q23293
E07000063,Lewes,E07000063,Lewes,E10000011,East Sussex,East Sussex,Q23293
E07000064,Rother,E07000064,Rother,E10000011,East Sussex,East Sussex,Q23293
E07000065,Wealden,E07000065,Wealden,E10000011,East Sussex,East Sussex,Q23293
E07000066,Basildon,E07000066,Basildon,E10000012,Essex,Essex,Q23240
E07000067,Braintree,E07000067,Braintree,E10000012,Essex,Essex,Q23240
E07000068,Brentwood,E07000068,Brentwood,E10000012,Essex,Essex,Q23240
E07000069,Castle Point,E07000069,Castle Point,E10000012,Essex,Essex,Q23240
E07000070,Chelmsford,E07000070,Chelmsford,E10000012,Essex,Essex,Q23240
E07000071,Colchester,E07000071,Colchester,E10000012,Essex,Essex,Q23240
E07000072,Epping Forest,E07000072,Epping Forest,E10000012,Essex,Essex,Q23240
E07000073,Harlow,E07000073,Harlow,E10000012,Essex,Essex,Q23240
E07000074,Maldon,E07000074,Maldon,E10000012,Essex,Essex,Q23240
E07000075,Rochford,E07000075,Rochford,E10000012,Essex,Essex,Q23240
E07000076,Tendring,E07000076,Tendring,E10000012,Essex,Essex,Q23240
E07000077,Uttlesford,E07000077,Uttlesford,E10000012,Essex,Essex,Q23240
E07000078,Cheltenham,E07000078,Cheltenham,E10000013,Gloucestershire,Gloucestershire,Q23165
E07000079,Cotswold,E07000079,Cotswold,E10000013,Gloucestershire,Gloucestershire,Q23165
E07000080,Forest of Dean,E07000080,Forest of Dean,E10000013,Gloucestershire,Gloucestershire,Q23165
E07000081,Gloucester,E07000081,Gloucester,E10000013,Gloucestershire,Gloucestershire,Q23165
E07000082,Stroud,E07000082,Stroud,E10000013,Gloucestershire,Gloucestershire,Q23165
E07000083,Tewkesbury,E07000083,Tewkesbury,E10000013,Gloucestershire,Gloucestershire,Q23165
E07000084,Basingstoke and Deane,E07000084,Basingstoke and Deane,E10000014,Hampshire,Hampshire,Q23204
E07000085,East Hampshire,E07000085,East Hampshire,E10000014,Hampshire,Hampshire,Q23204
E07000086,Eastleigh,E07000086,Eastleigh,E10000014,Hampshire,Hampshire,Q23204
E07000087,Fareham,E07000087,Fareham,E10000014,Hampshire,Hampshire,Q23204
E07000088,Gosport,E07000088,Gosport,E10000014,Hampshire,Hampshire,Q23204
E07000089,Hart,E07000089,Hart,E10000014,Hampshire,Hampshire,Q23204
E07000090,Havant,E07000090,Havant,E10000014,Hampshire,Hampshire,Q23204
E07000091,New Forest,E07000091,New Forest,E10000014,Hampshire,Hampshire,Q23204
E07000092,Rushmoor,E07000092,Rushmoor,E10000014,Hampshire,Hampshire,Q23204
E07000093,Test Valley,E07000093,Test Valley,E10000014,Hampshire,Hampshire,Q23204
E07000094,Winchester,E07000094,Winchester,E10000014,Hampshire,Hampshire,Q23204
E07000095,Broxbourne,E07000095,Broxbourne,E10000015,Hertfordshire,Hertfordshire,Q3410
E07000096,Dacorum,E07000096,Dacorum,E10000015,Hertfordshire,Hertfordshire,Q3410
E07000097,East Hertfordshire,E07000242,East Hertfordshire,E10000015,Hertfordshire,Hertfordshire,Q3410
E07000098,Hertsmere,E07000098,Hertsmere,E10000015,Hertfordshire,Hertfordshire,Q3410
E07000099,North Hertfordshire,E07000099,North Hertfordshire,E10000015,Hertfordshire,Hertfordshire,Q3410
E07000100,St Albans,E07000240,St Albans,E10000015,Hertfordshire,Hertfordshire,Q3410
E07000101,Stevenage,E07000243,Stevenage,E10000015,Hertfordshire,Hertfordshire,Q3410
E07000102,Three Rivers,E07000102,Three Rivers,E10000015,Hertfordshire,Hertfordshire,Q3410
E07000103,Watford,E07000103,Watford,E10000015,Hertfordshire,Hertfordshire,Q3410
E07000104,Welwyn Hatfield,E07000241,Welwyn Hatfield,E10000015,Hertfordshire,Hertfordshire,Q3410
E07000105,Ashford,E07000105,Ashford,E10000016,Kent,Kent,Q23298
E07000106,Canterbury,E07000106,Canterbury,E10000016,Kent,Kent,Q23298
E07000107,Dartford,E07000107,Dartford,E10000016,Kent,Kent,Q23298
E07000108,Dover,E07000108,Dover,E10000016,Kent,Kent,Q23298
E07000109,Gravesham,E07000109,Gravesham,E10000016,Kent,Kent,Q23298
E07000110,Maidstone,E07000110,Maidstone,E10000016,Kent,Kent,Q23298
E07000111,Sevenoaks,E07000111,Sevenoaks,E10000016,Kent,Kent,Q23298
E07000112,Folkestone and Hythe,E07000112,Folkestone and Hythe,E10000016,Kent,Kent,Q23298
E07000113,Swale,E07000113,Swale,E10000016,Kent,Kent,Q23298
E07000114,Thanet,E07000114,Thanet,E10000016,Kent,Kent,Q23298
E07000115,Tonbridge and Malling,E07000115,Tonbridge and Malling,E10000016,Kent,Kent,Q23298
E07000116,Tunbridge Wells,E07000116,Tunbridge Wells,E10000016,Kent,Kent,Q23298
E07000117,Burnley,E07000117,Burnley,E10000017,Lancashire,Lancashire,Q23077
E07000118,Chorley,E07000118,Chorley,E10000017,Lancashire,Lancashire,Q23077
E07000119,Fylde,E07000119,Fylde,E10000017,Lancashire,Lancashire,Q23077
E07000120,Hyndburn,E07000120,Hyndburn,E10000017,Lancashire,Lancashire,Q23077
E07000121,Lancaster,E07000121,Lancaster,E10000017,Lancashire,Lancashire,Q23077
E07000122,Pendle,E07000122,Pendle,E10000017,Lancashire,Lancashire,Q23077
E07000123,Preston,E07000123,Preston,E10000017,Lancashire,Lancashire,Q23077
E07000124,Ribble Valley,E07000124,Ribble Valley,E10000017,Lancashire,Lancashire,Q23077
E07000125,Rossendale,E07000125,Rossendale,E10000017,Lancashire,Lancashire,Q23077
E07000126,South Ribble,E07000126,South Ribble,E10000017,Lancashire,Lancashire,Q23077
E07000127,West Lancashire,E07000127,West Lancashire,E10000017,Lancashire,Lancashire,Q23077
E07000128,Wyre,E07000128,Wyre,E10000017,Lancashire,Lancashire,Q23077
E07000129,Blaby,E07000129,Blaby,E10000018,Leicestershire,Leicestershire,Q23106
E07000130,Charnwood,E07000130,Charnwood,E10000018,Leicestershire,Leicestershire,Q23106
E07000131,Harborough,E07000131,Harborough,E10000018,Leicestershire,Leicestershire,Q23106
E07000132,Hinckley and Bosworth,E07000132,Hinckley and Bosworth,E10000018,Leicestershire,Leicestershire,Q23106
E07000133,Melton,E07000133,Melton,E10000018,Leicestershire,Leicestershire,Q23106
E07000134,North West Leicestershire,E07000134,North West Leicestershire,E10000018,Leicestershire,Leicestershire,Q23106
E07000135,Oadby and Wigston,E07000135,Oadby and Wigston,E10000018,Leicestershire,Leicestershire,Q23106
E07000136,Boston,E07000136,Boston,E10000019,Lincolnshire,Lincolnshire,Q23090
E07000137,East Lindsey,E07000137,East Lindsey,E10000019,Lincolnshire,Lincolnshire,Q23090
E07000138,Lincoln,E07000138,Lincoln,E10000019,Lincolnshire,Lincolnshire,Q23090
E07000139,North Kesteven,E07000139,North Kesteven,E10000019,Lincolnshire,Lincolnshire,Q23090
E07000140,South Holland,E07000140,South Holland,E10000019,Lincolnshire,Lincolnshire,Q23090
E07000141,South Kesteven,E07000141,South Kesteven,E10000019,Lincolnshire,Lincolnshire,Q23090
E07000142,West Lindsey,E07000142,West Lindsey,E10000019,Lincolnshire,Lincolnshire,Q23090
E07000143,Breckland,E07000143,Breckland,E10000020,Norfolk,Norfolk,Q23109
E07000144,Broadland,E07000144,Broadland,E10000020,Norfolk,Norfolk,Q23109
E07000145,Great Yarmouth,E07000145,Great Yarmouth,E10000020,Norfolk,Norfolk,Q23109
E07000146,King's Lynn and West Norfolk,E07000146,King's Lynn and West Norfolk,E10000020,Norfolk,Norfolk,Q23109
E07000147,North Norfolk,E07000147,North Norfolk,E10000020,Norfolk,Norfolk,Q23109
E07000148,Norwich,E07000148,Norwich,E10000020,Norfolk,Norfolk,Q23109
E07000149,South Norfolk,E07000149,South Norfolk,E10000020,Norfolk,Norfolk,Q23109
E07000150,Corby,E06000061,North Northamptonshire,E06000061,North Northamptonshire,Northamptonshire,Q23115
E07000151,Daventry,E06000062,West Northamptonshire,E06000062,West Northamptonshire,Northamptonshire,Q23115
E07000152,East Northamptonshire,E06000061,North Northamptonshire,E06000061,North Northamptonshire,Northamptonshire,Q23115
E07000153,Kettering,E06000061,North Northamptonshire,E06000061,North Northamptonshire,Northamptonshire,Q23115
E07000154,Northampton,E06000062,West Northamptonshire,E06000062,West Northamptonshire,Northamptonshire,Q23115
E07000155,South Northamptonshire,E06000062,West Northamptonshire,E06000062,West Northamptonshire,Northamptonshire,Q23115
E07000156,Wellingborough,E06000061,North Northamptonshire,E06000061,North Northamptonshire,Northamptonshire,Q23115
E06000065,North Yorkshire,E06000065,North Yorkshire,E06000065,North Yorkshire,North Yorkshire,Q23086
E07000163,Craven,E06000065,North Yorkshire,E06000065,North Yorkshire,North Yorkshire,Q23086
E07000164,Hambleton,E06000065,North Yorkshire,E06000065,North Yorkshire,North Yorkshire,Q23086
E07000165,Harrogate,E06000065,North Yorkshire,E06000065,North Yorkshire,North Yorkshire,Q23086
E07000166,Richmondshire,E06000065,North Yorkshire,E06000065,North Yorkshire,North Yorkshire,Q23086
E07000167,Ryedale,E06000065,North Yorkshire,E06000065,North Yorkshire,North Yorkshire,Q23086
E07000168,Scarborough,E06000065,North Yorkshire,E06000065,North Yorkshire,North Yorkshire,Q23086
E07000169,Selby,E06000065,North Yorkshire,E06000065,North Yorkshire,North Yorkshire,Q23086
E07000170,Ashfield,E07000170,Ashfield,E10000024,Nottinghamshire,Nottinghamshire,Q23092
E07000171,Bassetlaw,E07000171,Bassetlaw,E10000024,Nottinghamshire,Nottinghamshire,Q23092
E07000172,Broxtowe,E07000172,Broxtowe,E10000024,Nottinghamshire,Nottinghamshire,Q23092
E07000173,Gedling,E07000173,Gedling,E10000024,Nottinghamshire,Nottinghamshire,Q23092
E07000174,Mansfield,E07000174,Mansfield,E10000024,Nottinghamshire,Nottinghamshire,Q23092
E07000175,Newark and Sherwood,E07000175,Newark and Sherwood,E10000024,Nottinghamshire,Nottinghamshire,Q23092
E07000176,Rushcliffe,E07000176,Rushcliffe,E10000024,Nottinghamshire,Nottinghamshire,Q23092
E07000177,Cherwell,E07000177,Cherwell,E10000025,Oxfordshire,Oxfordshire,Q23169
E07000178,Oxford,E07000178,Oxford,E10000025,Oxfordshire,Oxfordshire,Q23169
E07000179,South Oxfordshire,E07000179,South Oxfordshire,E10000025,Oxfordshire,Oxfordshire,Q23169
E07000180,Vale of White Horse,E07000180,Vale of White Horse,E10000025,Oxfordshire,Oxfordshire,Q23169
E07000181,West Oxfordshire,E07000181,West Oxfordshire,E10000025,Oxfordshire,Oxfordshire,Q23169
E06000066,Somerset,E06000066,Somerset,E06000066,Somerset,Somerset,Q23157
E07000187,Mendip,E06000066,Somerset,E06000066,Somerset,Somerset,Q23157
E07000188,Sedgemoor,E06000066,Somerset,E06000066,Somerset,Somerset,Q23157
E07000189,South Somerset,E06000066,Somerset,E06000066,Somerset,Somerset,Q23157
E07000190,Taunton Deane,E06000066,Somerset,E06000066,Somerset,Somerset,Q23157
E07000191,West Somerset,E06000066,Somerset,E06000066,Somerset,Somerset,Q23157
E07000192,Cannock Chase,E07000192,Cannock Chase,E10000028,Staffordshire,Staffordshire,Q23105
E07000193,East Staffordshire,E07000193,East Staffordshire,E10000028,Staffordshire,Staffordshire,Q23105
E07000194,Lichfield,E07000194,Lichfield,E10000028,Staffordshire,Staffordshire,Q23105
E07000195,Newcastle-under-Lyme,E07000195,Newcastle-under-Lyme,E10000028,Staffordshire,Staffordshire,Q23105
E07000196,South Staffordshire,E07000196,South Staffordshire,E10000028,Staffordshire,Staffordshire,Q23105
E07000197,Stafford,E07000197,Stafford,E10000028,Staffordshire,Staffordshire,Q23105
E07000198,Staffordshire Moorlands,E07000198,Staffordshire Moorlands,E10000028,Staffordshire,Staffordshire,Q23105
E07000199,Tamworth,E07000199,Tamworth,E10000028,Staffordshire,Staffordshire,Q23105
E07000200,Babergh,E07000200,Babergh,E10000029,Suffolk,Suffolk,Q23111
E07000201,Forest Heath,E07000245,West Suffolk,E10000029,Suffolk,Suffolk,Q23111
E07000202,Ipswich,E07000202,Ipswich,E10000029,Suffolk,Suffolk,Q23111
E07000203,Mid Suffolk,E07000203,Mid Suffolk,E10000029,Suffolk,Suffolk,Q23111
E07000204,St Edmundsbury,E07000245,West Suffolk,E10000029,Suffolk,Suffolk,Q23111
E07000205,Suffolk Coastal,E07000244,East Suffolk,E10000029,Suffolk,Suffolk,Q23111
E07000206,Waveney,E07000244,East Suffolk,E10000029,Suffolk,Suffolk,Q23111
E07000207,Elmbridge,E07000207,Elmbridge,E10000030,Surrey,Surrey,Q23276
E07000208,Epsom and Ewell,E07000208,Epsom and Ewell,E10000030,Surrey,Surrey,Q23276
E07000209,Guildford,E07000209,Guildford,E10000030,Surrey,Surrey,Q23276
E07000210,Mole Valley,E07000210,Mole Valley,E10000030,Surrey,Surrey,Q23276
E07000211,Reigate and Banstead,E07000211,Reigate and Banstead,E10000030,Surrey,Surrey,Q23276
E07000212,Runnymede,E07000212,Runnymede,E10000030,Surrey,Surrey,Q23276
E07000213,Spelthorne,E07000213,Spelthorne,E10000030,Surrey,Surrey,Q23276
E07000214,Surrey Heath,E07000214,Surrey Heath,E10000030,Surrey,Surrey,Q23276
E07000215,Tandridge,E07000215,Tandridge,E10000030,Surrey,Surrey,Q23276
E07000216,Waverley,E07000216,Waverley,E10000030,Surrey,Surrey,Q23276
E07000217,Woking,E07000217,Woking,E10000030,Surrey,Surrey,Q23276
E07000218,North Warwickshire,E07000218,North Warwickshire,E10000031,Warwickshire,Warwickshire,Q23140
E07000219,Nuneaton and Bedworth,E07000219,Nuneaton and Bedworth,E10000031,Warwickshire,Warwickshire,Q23140
E07000220,Rugby,E07000220,Rugby,E10000031,Warwickshire,Warwickshire,Q23140
E07000221,Stratford-on-Avon,E07000221,Stratford-on-Avon,E10000031,Warwickshire,Warwickshire,Q23140
E07000222,Warwick,E07000222,Warwick,E10000031,Warwickshire,Warwickshire,Q23140
E07000223,Adur,E07000223,Adur,E10000032,West Sussex,West Sussex,Q23287
E07000224,Arun,E07000224,Arun,E10000032,West Sussex,West Sussex,Q23287
E07000225,Chichester,E07000225,Chichester,E10000032,West Sussex,West Sussex,Q23287
E07000226,Crawley,E07000226,Crawley,E10000032,West Sussex,West Sussex,Q23287
E07000227,Horsham,E07000227,Horsham,E10000032,West Sussex,West Sussex,Q23287
E07000228,Mid Sussex,E07000228,Mid Sussex,E10000032,West Sussex,West Sussex,Q23287
E07000229,Worthing,E07000229,Worthing,E10000032,West Sussex,West Sussex,Q23287
E07000234,Bromsgrove,E07000234,Bromsgrove,E10000034,Worcestershire,Worcestershire,Q23135
E07000235,Malvern Hills,E07000235,Malvern Hills,E10000034,Worcestershire,Worcestershire,Q23135
E07000236,Redditch,E07000236,Redditch,E10000034,Worcestershire,Worcestershire,Q23135
E07000237,Worcester,E07000237,Worcester,E10000034,Worcestershire,Worcestershire,Q23135
E07000238,Wychavon,E07000238,Wychavon,E10000034,Worcestershire,Worcestershire,Q23135
E07000239,Wyre Forest,E07000239,Wyre Forest,E10000034,Worcestershire,Worcestershire,Q23135
E07000240,St Albans,E07000240,St Albans,E10000015,Hertfordshire,Hertfordshire,Q3410
E07000241,Welwyn Hatfield,E07000241,Welwyn Hatfield,E10000015,Hertfordshire,Hertfordshire,Q3410
E07000242,East Hertfordshire,E07000242,East Hertfordshire,E10000015,Hertfordshire,Hertfordshire,Q3410
E07000243,Stevenage,E07000243,Stevenage,E10000015,Hertfordshire,Hertfordshire,Q3410
E07000244,East Suffolk,E07000244,East Suffolk,E10000029,Suffolk,Suffolk,Q23111
E07000245,West Suffolk,E07000245,West Suffolk,E10000029,Suffolk,Suffolk,Q23111
E07000246,Somerset West and Taunton,E07000246,Somerset West and Taunton,E10000027,Somerset,Somerset,Q23157
E08000001,Bolton,E08000001,Bolton,E08000001,Bolton,Greater Manchester,Q23099
E08000002,Bury,E08000002,Bury,E08000002,Bury,Greater Manchester,Q23099
E08000003,Manchester,E08000003,Manchester,E08000003,Manchester,Greater Manchester,Q23099
E08000004,Oldham,E08000004,Oldham,E08000004,Oldham,Greater Manchester,Q23099
E08000005,Rochdale,E08000005,Rochdale,E08000005,Rochdale,Greater Manchester,Q23099
E08000006,Salford,E08000006,Salford,E08000006,Salford,Greater Manchester,Q23099
E08000007,Stockport,E08000007,Stockport,E08000007,Stockport,Greater Manchester,Q23099
E08000008,Tameside,E08000008,Tameside,E08000008,Tameside,Greater Manchester,Q23099
E08000009,Trafford,E08000009,Trafford,E08000009,Trafford,Greater Manchester,Q23099
E08000010,Wigan,E08000010,Wigan,E08000010,Wigan,Greater Manchester,Q23099
E08000011,Knowsley,E08000011,Knowsley,E08000011,Knowsley,Merseyside,Q23100
E08000012,Liverpool,E08000012,Liverpool,E08000012,Liverpool,Merseyside,Q23100
E08000013,St. Helens,E08000013,St. Helens,E08000013,St. Helens,Merseyside,Q23100
E08000014,Sefton,E08000014,Sefton,E08000014,Sefton,Merseyside,Q23100
E08000015,Wirral,E08000015,Wirral,E08000015,Wirral,Merseyside,Q23100
E08000016,Barnsley,E08000016,Barnsley,E08000016,Barnsley,South Yorkshire,Q23095
E08000017,Doncaster,E08000017,Doncaster,E08000017,Doncaster,South Yorkshire,Q23095
E08000018,Rotherham,E08000018,Rotherham,E08000018,Rotherham,South Yorkshire,Q23095
E08000019,Sheffield,E08000019,Sheffield,E08000019,Sheffield,South Yorkshire,Q23095
E08000020,Gateshead,E08000037,Gateshead,E08000037,Gateshead,Tyne and Wear,Q23080
E08000021,Newcastle upon Tyne,E08000021,Newcastle upon Tyne,E08000021,Newcastle upon Tyne,Tyne and Wear,Q23080
E08000022,North Tyneside,E08000022,North Tyneside,E08000022,North Tyneside,Tyne and Wear,Q23080
E08000023,South Tyneside,E08000023,South Tyneside,E08000023,South Tyneside,Tyne and Wear,Q23080
E08000024,Sunderland,E08000024,Sunderland,E08000024,Sunderland,Tyne and Wear,Q23080
E08000025,Birmingham,E08000025,Birmingham,E08000025,Birmingham,West Midlands,Q23124
E08000026,Coventry,E08000026,Coventry,E08000026,Coventry,West Midlands,Q23124
E08000027,Dudley,E08000027,Dudley,E08000027,Dudley,West Midlands,Q23124
E08000028,Sandwell,E08000028,Sandwell,E08000028,Sandwell,West Midlands,Q23124
E08000029,Solihull,E08000029,Solihull,E08000029,Solihull,West Midlands,Q23124
E08000030,Walsall,E08000030,Walsall,E08000030,Walsall,West Midlands,Q23124
E08000031,Wolverhampton,E08000031,Wolverhampton,E08000031,Wolverhampton,West Midlands,Q23124
E08000032,Bradford,E08000032,Bradford,E08000032,Bradford,West Yorkshire,Q23083
E08000033,Calderdale,E08000033,Calderdale,E08000033,Calderdale,West Yorkshire,Q23083
E08000034,Kirklees,E08000034,Kirklees,E08000034,Kirklees,West Yorkshire,Q23083
E08000035,Leeds,E08000035,Leeds,E08000035,Leeds,West Yorkshire,Q23083
E08000036,Wakefield,E08000036,Wakefield,E08000036,Wakefield,West Yorkshire,Q23083
E08000037,Gateshead,E08000037,Gateshead,E08000037,Gateshead,Tyne and Wear,Q23080
E09000001,City of London,E09000001,City of London,E09000001,City of London,City of London,Q23311
E09000002,Barking and Dagenham,E09000002,Barking and Dagenham,E09000002,Barking and Dagenham,Greater London,Q23306
E09000003,Barnet,E09000003,Barnet,E09000003,Barnet,Greater London,Q23306
E09000004,Bexley,E09000004,Bexley,E09000004,Bexley,Greater London,Q23306
E09000005,Brent,E09000005,Brent,E09000005,Brent,Greater London,Q23306
E09000006,Bromley,E09000006,Bromley,E09000006,Bromley,Greater London,Q23306
E09000007,Camden,E09000007,Camden,E09000007,Camden,Greater London,Q23306
E09000008,Croydon,E09000008,Croydon,E09000008,Croydon,Greater London,Q23306
E09000009,Ealing,E09000009,Ealing,E09000009,Ealing,Greater London,Q23306
E09000010,Enfield,E09000010,Enfield,E09000010,Enfield,Greater London,Q23306
E09000011,Greenwich,E09000011,Greenwich,E09000011,Greenwich,Greater London,Q23306
E09000012,Hackney,E09000012,Hackney,E09000012,Hackney,Greater London,Q23306
E09000013,Hammersmith and Fulham,E09000013,Hammersmith and Fulham,E09000013,Hammersmith and Fulham,Greater London,Q23306
E09000014,Haringey,E09000014,Haringey,E09000014,Haringey,Greater London,Q23306
E09000015,Harrow,E09000015,Harrow,E09000015,Harrow,Greater London,Q23306
E09000016,Havering,E09000016,Havering,E09000016,Havering,Greater London,Q23306
E09000017,Hillingdon,E09000017,Hillingdon,E09000017,Hillingdon,Greater London,Q23306
E09000018,Hounslow,E09000018,Hounslow,E09000018,Hounslow,Greater London,Q23306
E09000019,Islington,E09000019,Islington,E09000019,Islington,Greater London,Q23306
E09000020,Kensington and Chelsea,E09000020,Kensington and Chelsea,E09000020,Kensington and Chelsea,Greater London,Q23306
E09000021,Kingston upon Thames,E09000021,Kingston upon Thames,E09000021,Kingston upon Thames,Greater London,Q23306
E09000022,Lambeth,E09000022,Lambeth,E09000022,Lambeth,Greater London,Q23306
E09000023,Lewisham,E09000023,Lewisham,E09000023,Lewisham,Greater London,Q23306
E09000024,Merton,E09000024,Merton,E09000024,Merton,Greater London,Q23306
E09000025,Newham,E09000025,Newham,E09000025,Newham,Greater London,Q23306
E09000026,Redbridge,E09000026,Redbridge,E09000026,Redbridge,Greater London,Q23306
E09000027,Richmond upon Thames,E09000027,Richmond upon Thames,E09000027,Richmond upon Thames,Greater London,Q23306
E09000028,Southwark,E09000028,Southwark,E09000028,Southwark,Greater London,Q23306
E09000029,Sutton,E09000029,Sutton,E09000029,Sutton,Greater London,Q23306
E09000030,Tower Hamlets,E09000030,Tower Hamlets,E09000030,Tower Hamlets,Greater London,Q23306
E09000031,Waltham Forest,E09000031,Waltham Forest,E09000031,Waltham Forest,Greater London,Q23306
E09000032,Wandsworth,E09000032,Wandsworth,E09000032,Wandsworth,Greater London,Q23306
E09000033,Westminster,E09000033,Westminster,E09000033,Westminster,Greater London,Q23306
